{"cameraMode":{"drawMode":0,"name":"Shaded","section":"Shading Mode"},"sceneLighting":false,"audioPlay":false,"sceneViewState":{"m_AlwaysRefresh":false,"showFog":true,"showSkybox":false,"showFlares":true,"showImageEffects":true,"showParticleSystems":true,"showVisualEffectGraphs":true,"m_FxEnabled":true},"in2DMode":false,"pivot":{"x":0.7733010649681091,"y":-0.02915024757385254,"z":0.1592554748058319},"rotation":{"x":0.7559998035430908,"y":0.012760359793901444,"z":-0.014743865467607975,"w":0.6542839407920837},"size":1.3286527395248414,"orthographic":true}